{
  "Version": "2012-10-17",
  "Statement": [
    {
      "Sid": "Enable IAM User Permissions",
      "Effect": "Allow",
      "Principal": {
        "AWS": "arn:aws:iam::${account_id}:root"
      },
      "Action": "kms:*",
      "Resource": "*"
    },
    {
      "Sid": "Allow access to CloudWatch Logs",
      "Effect": "Allow",
      "Principal": {
        "Service": [
          "logs.${aws_region}.amazonaws.com"
        ]
      },
      "Action": [
        "kms:Encrypt*",
        "kms:Decrypt*",
        "kms:ReEncrypt*",
        "kms:GenerateDataKey*",
        "kms:Describe*"
      ],
      "Resource": "*"
    }
  ]
}